{
  "rigId": "rig-path-spacing",
  "rigHash": "sha256:7396bceebbb649a643d73ce3f858c33ad0e74f3236e3c8dfeac7aa42a1e715ed",
  "specHash": "sha256:f81e983d0f857b6fea63fb8e0be15426f013ddf7f9afa966fd9ffd09d096d261",
  "coreVersion": "runtime-core@0.0.0",
  "toolchain": "node-22.13.1-v8",
  "generatedBy": "generate.ts",
  "samples": [
    {
      "time": 0,
      "animation": "spacing",
      "loop": false,
      "bones": {
        "railBone": [1, 0, 0, 1, 0, 0],
        "l0": [1, 0, 0, 1, 0, 0],
        "l1": [1, 0, 0, 1, 100, 0],
        "l2": [1, 0, 0, 1, 200, 0],
        "f0": [1, 0, 0, 1, 0, 0],
        "f1": [1, 0, 0, 1, 100, 0],
        "f2": [1, 0, 0, 1, 200, 0],
        "p0": [1, 0, 0, 1, 0, 0],
        "p1": [1, 0, 0, 1, 300, 0],
        "p2": [6.123233995736766e-17, 1, -1, 6.123233995736766e-17, 300, 300],
        "r0": [1, 0, 0, 1, 0, 0],
        "r1": [1, 0, 0, 1, 225, 0],
        "r2": [6.123233995736766e-17, 1, -1, 6.123233995736766e-17, 300, 150]
      }
    },
    {
      "time": 0.5,
      "animation": "spacing",
      "loop": false,
      "bones": {
        "railBone": [1, 0, 0, 1, 0, 0],
        "l0": [1, 0, 0, 1, 0, 0],
        "l1": [1, 0, 0, 1, 100, 0],
        "l2": [1, 0, 0, 1, 200, 0],
        "f0": [1, 0, 0, 1, 0, 0],
        "f1": [1, 0, 0, 1, 150, 0],
        "f2": [1, 0, 0, 1, 300, 0],
        "p0": [1, 0, 0, 1, 0, 0],
        "p1": [1, 0, 0, 1, 300, 0],
        "p2": [6.123233995736766e-17, 1, -1, 6.123233995736766e-17, 300, 300],
        "r0": [1, 0, 0, 1, 0, 0],
        "r1": [1, 0, 0, 1, 225, 0],
        "r2": [6.123233995736766e-17, 1, -1, 6.123233995736766e-17, 300, 150]
      }
    },
    {
      "time": 1,
      "animation": "spacing",
      "loop": false,
      "bones": {
        "railBone": [1, 0, 0, 1, 0, 0],
        "l0": [1, 0, 0, 1, 0, 0],
        "l1": [1, 0, 0, 1, 100, 0],
        "l2": [1, 0, 0, 1, 200, 0],
        "f0": [1, 0, 0, 1, 0, 0],
        "f1": [1, 0, 0, 1, 200, 0],
        "f2": [6.123233995736766e-17, 1, -1, 6.123233995736766e-17, 300, 100],
        "p0": [1, 0, 0, 1, 0, 0],
        "p1": [1, 0, 0, 1, 300, 0],
        "p2": [6.123233995736766e-17, 1, -1, 6.123233995736766e-17, 300, 300],
        "r0": [1, 0, 0, 1, 0, 0],
        "r1": [1, 0, 0, 1, 225, 0],
        "r2": [6.123233995736766e-17, 1, -1, 6.123233995736766e-17, 300, 150]
      }
    }
  ]
}
