{
  "rigId": "rig-path-follow",
  "rigHash": "sha256:af191dddb2ce7143eb6eb806b1cf9ab25af4edb06ae03d4b91b152b0de807055",
  "specHash": "sha256:65bbc1b23eb6a8ec926e7477de5feb9568d44882ab3f7d12d50631468ba38fc3",
  "coreVersion": "runtime-core@0.0.0",
  "toolchain": "node-22.13.1-v8",
  "generatedBy": "generate.ts",
  "samples": [
    {
      "time": 0,
      "animation": "follow",
      "loop": false,
      "bones": {
        "railBone": [1, 0, 0, 1, 0, 0],
        "t0": [0.7071067811865476, 0.7071067811865475, -0.7071067811865475, 0.7071067811865476, 0, 0],
        "c0": [0.7071067811865476, 0.7071067811865475, -0.7071067811865475, 0.7071067811865476, 0, 0],
        "c1": [0.7071067811865476, 0.7071067811865475, -0.7071067811865475, 0.7071067811865476, 106.06601717798205, 106.06601717798205],
        "s0": [1.4142135623730938, 1.4142135623730936, -0.7071067811865475, 0.7071067811865476, 0, 0],
        "s1": [0.7071067811865476, 0.7071067811865475, -0.7071067811865475, 0.7071067811865476, 141.42135623730937, 141.42135623730937]
      }
    },
    {
      "time": 0.25,
      "animation": "follow",
      "loop": false,
      "bones": {
        "railBone": [1, 0, 0, 1, 0, 0],
        "t0": [0.7071067811865476, 0.7071067811865475, -0.7071067811865475, 0.7071067811865476, 74.99999999999997, 74.99999999999997],
        "c0": [0.7071067811865476, 0.7071067811865475, -0.7071067811865475, 0.7071067811865476, 0, 0],
        "c1": [0.7071067811865476, 0.7071067811865475, -0.7071067811865475, 0.7071067811865476, 106.06601717798205, 106.06601717798205],
        "s0": [1.4142135623730938, 1.4142135623730936, -0.7071067811865475, 0.7071067811865476, 0, 0],
        "s1": [0.7071067811865476, 0.7071067811865475, -0.7071067811865475, 0.7071067811865476, 141.42135623730937, 141.42135623730937]
      }
    },
    {
      "time": 0.5,
      "animation": "follow",
      "loop": false,
      "bones": {
        "railBone": [1, 0, 0, 1, 0, 0],
        "t0": [0.7071067811865476, 0.7071067811865475, -0.7071067811865475, 0.7071067811865476, 149.99999999999983, 149.99999999999983],
        "c0": [0.7071067811865476, 0.7071067811865475, -0.7071067811865475, 0.7071067811865476, 0, 0],
        "c1": [0.7071067811865476, 0.7071067811865475, -0.7071067811865475, 0.7071067811865476, 106.06601717798205, 106.06601717798205],
        "s0": [1.4142135623730938, 1.4142135623730936, -0.7071067811865475, 0.7071067811865476, 0, 0],
        "s1": [0.7071067811865476, 0.7071067811865475, -0.7071067811865475, 0.7071067811865476, 141.42135623730937, 141.42135623730937]
      }
    },
    {
      "time": 0.75,
      "animation": "follow",
      "loop": false,
      "bones": {
        "railBone": [1, 0, 0, 1, 0, 0],
        "t0": [0.7071067811865476, 0.7071067811865475, -0.7071067811865475, 0.7071067811865476, 224.99999999999983, 224.99999999999983],
        "c0": [0.7071067811865476, 0.7071067811865475, -0.7071067811865475, 0.7071067811865476, 0, 0],
        "c1": [0.7071067811865476, 0.7071067811865475, -0.7071067811865475, 0.7071067811865476, 106.06601717798205, 106.06601717798205],
        "s0": [1.4142135623730938, 1.4142135623730936, -0.7071067811865475, 0.7071067811865476, 0, 0],
        "s1": [0.7071067811865476, 0.7071067811865475, -0.7071067811865475, 0.7071067811865476, 141.42135623730937, 141.42135623730937]
      }
    },
    {
      "time": 1,
      "animation": "follow",
      "loop": false,
      "bones": {
        "railBone": [1, 0, 0, 1, 0, 0],
        "t0": [0.7071067811865476, 0.7071067811865475, -0.7071067811865475, 0.7071067811865476, 300, 300],
        "c0": [0.7071067811865476, 0.7071067811865475, -0.7071067811865475, 0.7071067811865476, 0, 0],
        "c1": [0.7071067811865476, 0.7071067811865475, -0.7071067811865475, 0.7071067811865476, 106.06601717798205, 106.06601717798205],
        "s0": [1.4142135623730938, 1.4142135623730936, -0.7071067811865475, 0.7071067811865476, 0, 0],
        "s1": [0.7071067811865476, 0.7071067811865475, -0.7071067811865475, 0.7071067811865476, 141.42135623730937, 141.42135623730937]
      }
    },
    {
      "time": 1.25,
      "animation": "follow",
      "loop": false,
      "bones": {
        "railBone": [1, 0, 0, 1, 0, 0],
        "t0": [0.7071067811865476, 0.7071067811865475, -0.7071067811865475, 0.7071067811865476, 300, 300],
        "c0": [0.7071067811865476, 0.7071067811865475, -0.7071067811865475, 0.7071067811865476, 0, 0],
        "c1": [0.7071067811865476, 0.7071067811865475, -0.7071067811865475, 0.7071067811865476, 106.06601717798205, 106.06601717798205],
        "s0": [1.4142135623730938, 1.4142135623730936, -0.7071067811865475, 0.7071067811865476, 0, 0],
        "s1": [0.7071067811865476, 0.7071067811865475, -0.7071067811865475, 0.7071067811865476, 141.42135623730937, 141.42135623730937]
      }
    }
  ]
}
