{
  "rigId": "rig-path-follow",
  "rigHash": "sha256:9a0ba041572f04da825ac3254057f80720a234412ae7d1ac1a5b1e5f3a525124",
  "specHash": "sha256:51f2c24eb13e315e6a58bac468e4d4c2bb7d39cc51c0ca02be3c7c05f1386d27",
  "coreVersion": "runtime-core@0.0.0",
  "toolchain": "node-22.13.1-v8",
  "generatedBy": "generate.ts",
  "samples": [
    {
      "time": 0,
      "animation": "follow",
      "loop": false,
      "bones": {
        "railBone": [1, 0, 0, 1, 0, 0],
        "t0": [0.7071067811865476, 0.7071067811865475, -0.7071067811865475, 0.7071067811865476, 0, 0],
        "c0": [0.7071067811865476, 0.7071067811865475, -0.7071067811865475, 0.7071067811865476, 0, 0],
        "c1": [0.7071067811865476, 0.7071067811865475, -0.7071067811865475, 0.7071067811865476, 106.06601717798205, 106.06601717798205],
        "s0": [1.4142135623730938, 1.4142135623730936, -0.7071067811865475, 0.7071067811865476, 0, 0],
        "s1": [0.7071067811865476, 0.7071067811865475, -0.7071067811865475, 0.7071067811865476, 141.42135623730937, 141.42135623730937]
      }
    },
    {
      "time": 0.25,
      "animation": "follow",
      "loop": false,
      "bones": {
        "railBone": [1, 0, 0, 1, 0, 0],
        "t0": [0.7071067811865476, 0.7071067811865475, -0.7071067811865475, 0.7071067811865476, 74.99999999999997, 74.99999999999997],
        "c0": [0.7071067811865476, 0.7071067811865475, -0.7071067811865475, 0.7071067811865476, 0, 0],
        "c1": [0.7071067811865476, 0.7071067811865475, -0.7071067811865475, 0.7071067811865476, 106.06601717798205, 106.06601717798205],
        "s0": [1.4142135623730938, 1.4142135623730936, -0.7071067811865475, 0.7071067811865476, 0, 0],
        "s1": [0.7071067811865476, 0.7071067811865475, -0.7071067811865475, 0.7071067811865476, 141.42135623730937, 141.42135623730937]
      }
    },
    {
      "time": 0.5,
      "animation": "follow",
      "loop": false,
      "bones": {
        "railBone": [1, 0, 0, 1, 0, 0],
        "t0": [0.7071067811865476, 0.7071067811865475, -0.7071067811865475, 0.7071067811865476, 149.99999999999983, 149.99999999999983],
        "c0": [0.7071067811865476, 0.7071067811865475, -0.7071067811865475, 0.7071067811865476, 0, 0],
        "c1": [0.7071067811865476, 0.7071067811865475, -0.7071067811865475, 0.7071067811865476, 106.06601717798205, 106.06601717798205],
        "s0": [1.4142135623730938, 1.4142135623730936, -0.7071067811865475, 0.7071067811865476, 0, 0],
        "s1": [0.7071067811865476, 0.7071067811865475, -0.7071067811865475, 0.7071067811865476, 141.42135623730937, 141.42135623730937]
      }
    },
    {
      "time": 0.75,
      "animation": "follow",
      "loop": false,
      "bones": {
        "railBone": [1, 0, 0, 1, 0, 0],
        "t0": [0.7071067811865476, 0.7071067811865475, -0.7071067811865475, 0.7071067811865476, 224.99999999999983, 224.99999999999983],
        "c0": [0.7071067811865476, 0.7071067811865475, -0.7071067811865475, 0.7071067811865476, 0, 0],
        "c1": [0.7071067811865476, 0.7071067811865475, -0.7071067811865475, 0.7071067811865476, 106.06601717798205, 106.06601717798205],
        "s0": [1.4142135623730938, 1.4142135623730936, -0.7071067811865475, 0.7071067811865476, 0, 0],
        "s1": [0.7071067811865476, 0.7071067811865475, -0.7071067811865475, 0.7071067811865476, 141.42135623730937, 141.42135623730937]
      }
    },
    {
      "time": 1,
      "animation": "follow",
      "loop": false,
      "bones": {
        "railBone": [1, 0, 0, 1, 0, 0],
        "t0": [0.7071067811865476, 0.7071067811865475, -0.7071067811865475, 0.7071067811865476, 300, 300],
        "c0": [0.7071067811865476, 0.7071067811865475, -0.7071067811865475, 0.7071067811865476, 0, 0],
        "c1": [0.7071067811865476, 0.7071067811865475, -0.7071067811865475, 0.7071067811865476, 106.06601717798205, 106.06601717798205],
        "s0": [1.4142135623730938, 1.4142135623730936, -0.7071067811865475, 0.7071067811865476, 0, 0],
        "s1": [0.7071067811865476, 0.7071067811865475, -0.7071067811865475, 0.7071067811865476, 141.42135623730937, 141.42135623730937]
      }
    },
    {
      "time": 1.25,
      "animation": "follow",
      "loop": false,
      "bones": {
        "railBone": [1, 0, 0, 1, 0, 0],
        "t0": [0.7071067811865476, 0.7071067811865475, -0.7071067811865475, 0.7071067811865476, 300, 300],
        "c0": [0.7071067811865476, 0.7071067811865475, -0.7071067811865475, 0.7071067811865476, 0, 0],
        "c1": [0.7071067811865476, 0.7071067811865475, -0.7071067811865475, 0.7071067811865476, 106.06601717798205, 106.06601717798205],
        "s0": [1.4142135623730938, 1.4142135623730936, -0.7071067811865475, 0.7071067811865476, 0, 0],
        "s1": [0.7071067811865476, 0.7071067811865475, -0.7071067811865475, 0.7071067811865476, 141.42135623730937, 141.42135623730937]
      }
    }
  ]
}
