{
  "rigId": "rig-transform-variants",
  "rigHash": "sha256:93d83736e48d8b5aa443e2c30fb9e52cec7ba6b8c1a44e722ad7e53cbd070248",
  "specHash": "sha256:b3ebe72dda412a8c1fee6f86ab0d6839a7f538a475c6d8bc4f0cda1c112e0954",
  "coreVersion": "runtime-core@0.0.0",
  "toolchain": "node-22.13.1-v8",
  "generatedBy": "generate.ts",
  "samples": [
    {
      "time": 0,
      "animation": "default",
      "loop": false,
      "bones": {
        "root": [1, 0, 0, 1, 0, 0],
        "pA": [0.9063077870366499, 0.42261826174069944, -0.42261826174069944, 0.9063077870366499, 0, 0],
        "bA": [0.9961946980917453, 0.08715574274765814, -0.08715574274765814, 0.9961946980917453, 40, 8.452365234813989],
        "tA": [1, 0, 0, 1, 40, 0],
        "pB": [0.9063077870366499, 0.42261826174069944, -0.42261826174069944, 0.9063077870366499, 0, -100],
        "bB": [0.8660254037844386, 0.49999999999999994, -0.5, 0.8660254037844386, 36.252311481465995, -83.09526953037202],
        "tB": [1, 0, 0, 1, 40, -100],
        "pC": [0.9063077870366499, 0.42261826174069944, -0.42261826174069944, 0.9063077870366499, 0, -200],
        "bC": [0.7933533402912349, 0.6087614290087207, -0.6087614290087207, 0.7933533402912349, 38.126155740733005, -191.54763476518602],
        "tC": [1, 0, 0, 1, 40, -200],
        "pD": [0.9063077870366499, 0.42261826174069944, -0.42261826174069944, 0.9063077870366499, 0, -300],
        "bD": [0.793353340291235, 0.6087614290087205, -0.6087614290087207, 0.7933533402912352, 36.252311481465995, -283.09526953037204],
        "tD": [1, 0, 0, 1, 40, -300]
      }
    },
    {
      "time": 0.25,
      "animation": "default",
      "loop": false,
      "bones": {
        "root": [1, 0, 0, 1, 0, 0],
        "pA": [0.9063077870366499, 0.42261826174069944, -0.42261826174069944, 0.9063077870366499, 0, 0],
        "bA": [0.9537169507482268, 0.30070579950427306, -0.30070579950427306, 0.9537169507482268, 49.99999999999999, 8.452365234813989],
        "tA": [0.9762960071199334, 0.21643961393810288, -0.21643961393810288, 0.9762960071199334, 50, 0],
        "pB": [0.9063077870366499, 0.42261826174069944, -0.42261826174069944, 0.9063077870366499, 0, -100],
        "bB": [0.737277336810124, 0.6755902076156601, -0.6755902076156602, 0.7372773368101241, 45.31538935183249, -78.86908691296503],
        "tB": [0.9762960071199334, 0.21643961393810288, -0.21643961393810288, 0.9762960071199334, 50, -100],
        "pC": [0.9063077870366499, 0.42261826174069944, -0.42261826174069944, 0.9063077870366499, 0, -200],
        "bC": [0.7223639620597554, 0.6915130557822693, -0.6915130557822693, 0.7223639620597554, 43.12615574073299, -191.54763476518602],
        "tC": [0.9762960071199334, 0.21643961393810288, -0.21643961393810288, 0.9762960071199334, 50, -200],
        "pD": [0.9063077870366499, 0.42261826174069944, -0.42261826174069944, 0.9063077870366499, 0, -300],
        "bD": [0.7223639620597555, 0.6915130557822693, -0.6915130557822694, 0.7223639620597556, 40.783850416649244, -280.9821782216685],
        "tD": [0.9762960071199334, 0.21643961393810288, -0.21643961393810288, 0.9762960071199334, 50, -300]
      }
    },
    {
      "time": 0.5,
      "animation": "default",
      "loop": false,
      "bones": {
        "root": [1, 0, 0, 1, 0, 0],
        "pA": [0.9063077870366499, 0.42261826174069944, -0.42261826174069944, 0.9063077870366499, 0, 0],
        "bA": [0.8660254037844384, 0.4999999999999999, -0.4999999999999999, 0.8660254037844384, 60, 8.452365234813989],
        "tA": [0.9063077870366499, 0.42261826174069944, -0.42261826174069944, 0.9063077870366499, 60, 0],
        "pB": [0.9063077870366499, 0.42261826174069944, -0.42261826174069944, 0.9063077870366499, 0, -100],
        "bB": [0.573576436351046, 0.8191520442889917, -0.8191520442889917, 0.573576436351046, 54.378467222199, -74.64290429555803],
        "tB": [0.9063077870366499, 0.42261826174069944, -0.42261826174069944, 0.9063077870366499, 60, -100],
        "pC": [0.9063077870366499, 0.42261826174069944, -0.42261826174069944, 0.9063077870366499, 0, -200],
        "bC": [0.6427876096865391, 0.766044443118978, -0.766044443118978, 0.6427876096865391, 48.126155740733, -191.54763476518602],
        "tC": [0.9063077870366499, 0.42261826174069944, -0.42261826174069944, 0.9063077870366499, 60, -200],
        "pD": [0.9063077870366499, 0.42261826174069944, -0.42261826174069944, 0.9063077870366499, 0, -300],
        "bD": [0.6427876096865393, 0.7660444431189779, -0.766044443118978, 0.6427876096865393, 45.31538935183249, -278.86908691296503],
        "tD": [0.9063077870366499, 0.42261826174069944, -0.42261826174069944, 0.9063077870366499, 60, -300]
      }
    },
    {
      "time": 0.75,
      "animation": "default",
      "loop": false,
      "bones": {
        "root": [1, 0, 0, 1, 0, 0],
        "pA": [0.9063077870366499, 0.42261826174069944, -0.42261826174069944, 0.9063077870366499, 0, 0],
        "bA": [0.737277336810124, 0.6755902076156601, -0.6755902076156601, 0.737277336810124, 70, 8.452365234813985],
        "tA": [0.7933533402912352, 0.6087614290087207, -0.6087614290087207, 0.7933533402912352, 70, 0],
        "pB": [0.9063077870366499, 0.42261826174069944, -0.42261826174069944, 0.9063077870366499, 0, -100],
        "bB": [0.38268343236508967, 0.9238795325112867, -0.9238795325112867, 0.3826834323650897, 63.4415450925655, -70.41672167815103],
        "tB": [0.7933533402912352, 0.6087614290087207, -0.6087614290087207, 0.7933533402912352, 70, -100],
        "pC": [0.9063077870366499, 0.42261826174069944, -0.42261826174069944, 0.9063077870366499, 0, -200],
        "bC": [0.5555702330196021, 0.831469612302545, -0.831469612302545, 0.5555702330196021, 53.126155740733005, -191.54763476518602],
        "tC": [0.7933533402912352, 0.6087614290087207, -0.6087614290087207, 0.7933533402912352, 70, -200],
        "pD": [0.9063077870366499, 0.42261826174069944, -0.42261826174069944, 0.9063077870366499, 0, -300],
        "bD": [0.5555702330196022, 0.8314696123025451, -0.8314696123025452, 0.5555702330196022, 49.84692828701575, -276.75599560426156],
        "tD": [0.7933533402912352, 0.6087614290087207, -0.6087614290087207, 0.7933533402912352, 70, -300]
      }
    },
    {
      "time": 1,
      "animation": "default",
      "loop": false,
      "bones": {
        "root": [1, 0, 0, 1, 0, 0],
        "pA": [0.9063077870366499, 0.42261826174069944, -0.42261826174069944, 0.9063077870366499, 0, 0],
        "bA": [0.573576436351046, 0.8191520442889915, -0.8191520442889915, 0.573576436351046, 80, 8.452365234813989],
        "tA": [0.6427876096865394, 0.766044443118978, -0.766044443118978, 0.6427876096865394, 80, 0],
        "pB": [0.9063077870366499, 0.42261826174069944, -0.42261826174069944, 0.9063077870366499, 0, -100],
        "bB": [0.17364817766693041, 0.9848077530122079, -0.984807753012208, 0.17364817766693047, 72.50462296293199, -66.19053906074404],
        "tB": [0.6427876096865394, 0.766044443118978, -0.766044443118978, 0.6427876096865394, 80, -100],
        "pC": [0.9063077870366499, 0.42261826174069944, -0.42261826174069944, 0.9063077870366499, 0, -200],
        "bC": [0.46174861323503374, 0.8870108331782216, -0.8870108331782216, 0.46174861323503374, 58.126155740733005, -191.54763476518602],
        "tC": [0.6427876096865394, 0.766044443118978, -0.766044443118978, 0.6427876096865394, 80, -200],
        "pD": [0.9063077870366499, 0.42261826174069944, -0.42261826174069944, 0.9063077870366499, 0, -300],
        "bD": [0.46174861323503386, 0.8870108331782216, -0.8870108331782218, 0.4617486132350339, 54.378467222199, -274.642904295558],
        "tD": [0.6427876096865394, 0.766044443118978, -0.766044443118978, 0.6427876096865394, 80, -300]
      }
    }
  ]
}
