{
  "rigId": "rig-transform-modes",
  "rigHash": "sha256:ac7cc152ca2ae6c3e8065c627d0794396601995030c4a4984a5039d960af34cc",
  "specHash": "sha256:3f8ebfa6c1654fb4b14413d3a94301a1888e88b52523471a9a5c157ff8928ad8",
  "coreVersion": "runtime-core@0.0.0",
  "toolchain": "node-22.13.1-v8",
  "generatedBy": "generate.ts",
  "samples": [
    {
      "time": 0,
      "animation": "default",
      "loop": false,
      "bones": {
        "parent": [1, 0, 0, 0.8, 0, 0],
        "child_normal": [0.9396926207859084, 0.273616114660535, -0.3420201433256687, 0.7517540966287268, 60, 12],
        "child_only_translation": [0.9396926207859084, 0.3420201433256687, -0.3420201433256687, 0.9396926207859084, 60, 15],
        "child_no_rotation_or_reflection": [0.9396926207859084, 0.273616114660535, -0.3420201433256687, 0.7517540966287268, 60, 12],
        "child_no_scale": [0.9396926207859084, 0.3420201433256687, -0.3420201433256687, 0.9396926207859084, 60, 12],
        "child_no_scale_or_reflection": [0.9396926207859084, 0.3420201433256687, -0.3420201433256687, 0.9396926207859084, 60, 12]
      }
    },
    {
      "time": 0.25,
      "animation": "default",
      "loop": false,
      "bones": {
        "parent": [1.1033834404536342, 0.21947661226814427, -0.08291338685685451, 0.416833744171373, 0, 0],
        "child_normal": [1.00848322843525, 0.34880608990793327, -0.45529246024087494, 0.31663017110781744, 64.95930562436524, 19.42110289865925],
        "child_only_translation": [0.9396926207859084, 0.3420201433256687, -0.3420201433256687, 0.9396926207859084, 60, 15],
        "child_no_rotation_or_reflection": [1.057154198384147, 0.1453585609134092, -0.3847726612413773, 0.3993693638340111, 64.95930562436524, 19.42110289865925],
        "child_no_scale": [0.8549118706729466, 0.5187732581605213, -0.5187732581605213, 0.8549118706729466, 64.95930562436524, 19.42110289865925],
        "child_no_scale_or_reflection": [0.8549118706729466, 0.5187732581605213, -0.5187732581605213, 0.8549118706729466, 64.95930562436524, 19.42110289865925]
      }
    },
    {
      "time": 0.75,
      "animation": "default",
      "loop": false,
      "bones": {
        "parent": [1.1432707169159997, 0.763909070401953, 0.18056032573137068, -0.27022762399832717, 0, 0],
        "child_normal": [1.136078324732153, 0.6254164257176755, -0.2213504087631812, -0.5152031939503914, 71.30464790093055, 41.78112986414227],
        "child_only_translation": [0.9396926207859084, 0.3420201433256687, -0.3420201433256687, 0.9396926207859084, 60, 15],
        "child_no_rotation_or_reflection": [1.292077353580624, 0.11115654658084231, -0.4702776970727945, 0.3054001017554202, 71.30464790093055, 41.78112986414227],
        "child_no_scale": [0.9713420698132614, 0.237685892326173, 0.23768589232617304, -0.9713420698132615, 71.30464790093055, 41.78112986414227],
        "child_no_scale_or_reflection": [0.5913096483635824, 0.8064446042674824, -0.8064446042674824, 0.5913096483635824, 71.30464790093055, 41.78112986414227]
      }
    },
    {
      "time": 1,
      "animation": "default",
      "loop": false,
      "bones": {
        "parent": [1.0606601717798214, 1.0606601717798212, 0.4949747468305832, -0.4949747468305833, 0, 0],
        "child_normal": [1.1659858704365949, 0.8274032027294294, 0.10235697310010933, -0.8278912610440352, 71.06423150924803, 56.21498910433052],
        "child_only_translation": [0.9396926207859084, 0.3420201433256687, -0.3420201433256687, 0.9396926207859084, 60, 15],
        "child_no_rotation_or_reflection": [1.4095389311788626, 0.2394141003279681, -0.5130302149885031, 0.6577848345501358, 71.06423150924803, 56.21498910433052],
        "child_no_scale": [0.90630778703665, 0.4226182617406994, 0.4226182617406994, -0.90630778703665, 71.06423150924803, 56.21498910433052],
        "child_no_scale_or_reflection": [0.42261826174069955, 0.9063077870366499, -0.9063077870366499, 0.42261826174069955, 71.06423150924803, 56.21498910433052]
      }
    },
    {
      "time": 1.25,
      "animation": "default",
      "loop": false,
      "bones": {
        "parent": [1.0606601717798214, 1.0606601717798212, 0.4949747468305832, -0.4949747468305833, 0, 0],
        "child_normal": [1.1659858704365949, 0.8274032027294294, 0.10235697310010933, -0.8278912610440352, 71.06423150924803, 56.21498910433052],
        "child_only_translation": [0.9396926207859084, 0.3420201433256687, -0.3420201433256687, 0.9396926207859084, 60, 15],
        "child_no_rotation_or_reflection": [1.4095389311788626, 0.2394141003279681, -0.5130302149885031, 0.6577848345501358, 71.06423150924803, 56.21498910433052],
        "child_no_scale": [0.90630778703665, 0.4226182617406994, 0.4226182617406994, -0.90630778703665, 71.06423150924803, 56.21498910433052],
        "child_no_scale_or_reflection": [0.42261826174069955, 0.9063077870366499, -0.9063077870366499, 0.42261826174069955, 71.06423150924803, 56.21498910433052]
      }
    }
  ]
}
