{
  "rigId": "rig-ik-depth",
  "rigHash": "sha256:0cee7edc7aa47dd530b400a0e8062516a5157ec420de8d9d5bae953ad20f00b2",
  "specHash": "sha256:e4e2a788e1f3db5a8a157f24da077e9201c8ae801d29bedce224c8799fee77c3",
  "coreVersion": "runtime-core@0.0.0",
  "toolchain": "node-22.13.1-v8",
  "generatedBy": "generate.ts",
  "samples": [
    {
      "time": 0,
      "animation": "default",
      "loop": false,
      "bones": {
        "root": [1, 0, 0, 1, 0, 0],
        "upper1": [0.5, 0, 0, 1, 0, 0],
        "lower1": [-0.5, 1.2246467991473532e-16, -6.123233995736766e-17, -1, 50, 0],
        "t1": [1, 0, 0, 1, 10, 0],
        "upper2": [0.5, 0, 0, 1, 0, -260],
        "lower2": [-0.5, 1.2246467991473532e-16, -6.123233995736766e-17, -1, 50, -260],
        "t2": [1, 0, 0, 1, 30, -260],
        "b3": [0.4, 0, 0, 1, 0, -460],
        "t3": [1, 0, 0, 1, 20, -460]
      }
    },
    {
      "time": 0.25,
      "animation": "default",
      "loop": false,
      "bones": {
        "root": [1, 0, 0, 1, 0, 0],
        "upper1": [0.6570945945945946, 0.7538081279440846, -0.7538081279440846, 0.6570945945945946, 0, 0],
        "lower1": [0.33488175675675697, -0.9422601599301057, 0.9422601599301057, 0.33488175675675697, 65.70945945945947, 75.38081279440846],
        "t1": [1, 0, 0, 1, 92.5, 0],
        "upper2": [0.95, 0.31224989991992, -0.31224989991992, 0.95, 0, -260],
        "lower2": [-0.6250000000000002, -0.7806247497997996, 0.7806247497997996, -0.6250000000000002, 95, -228.775010008008],
        "t2": [1, 0, 0, 1, 70, -260],
        "b3": [0.8, 0, 0, 1, 0, -460],
        "t3": [1, 0, 0, 1, 40, -460]
      }
    },
    {
      "time": 0.5,
      "animation": "default",
      "loop": false,
      "bones": {
        "root": [1, 0, 0, 1, 0, 0],
        "upper1": [0.9268369502837137, 0.3754640696375418, -0.3754640696375418, 0.9268369502837137, 0, 0],
        "lower1": [0.8830228023061035, -0.4693300870469269, 0.4693300870469269, 0.8830228023061035, 92.68369502837137, 37.54640696375418],
        "t1": [1, 0, 0, 1, 175, 0],
        "upper2": [0.9318181818181818, 0.3629254414243482, -0.3629254414243482, 0.9318181818181818, 0, -260],
        "lower2": [0.4204545454545458, -0.9073136035608699, 0.9073136035608699, 0.4204545454545458, 93.18181818181817, -223.70745585756518],
        "t2": [1, 0, 0, 1, 110, -260],
        "b3": [1.2, 0, 0, 1, 0, -460],
        "t3": [1, 0, 0, 1, 60, -460]
      }
    },
    {
      "time": 0.75,
      "animation": "default",
      "loop": false,
      "bones": {
        "root": [1, 0, 0, 1, 0, 0],
        "upper1": [1.2361111111111112, 0, 0, 1, 0, 0],
        "lower1": [1.2361111111111112, 0, 0, 1, 123.61111111111111, 0],
        "t1": [1, 0, 0, 1, 222.5, 0],
        "upper2": [1.15, 0, 0, 1, 0, -260],
        "lower2": [0.9999999999999999, 0, 0, 1, 114.99999999999999, -260],
        "t2": [1, 0, 0, 1, 155, -260],
        "b3": [1.6, 0, 0, 1, 0, -460],
        "t3": [1, 0, 0, 1, 80, -460]
      }
    },
    {
      "time": 1,
      "animation": "default",
      "loop": false,
      "bones": {
        "root": [1, 0, 0, 1, 0, 0],
        "upper1": [1.5, 0, 0, 1, 0, 0],
        "lower1": [1.5, 0, 0, 1, 150, 0],
        "t1": [1, 0, 0, 1, 270, 0],
        "upper2": [1.6, 0, 0, 1, 0, -260],
        "lower2": [1, 0, 0, 1, 160, -260],
        "t2": [1, 0, 0, 1, 200, -260],
        "b3": [2, 0, 0, 1, 0, -460],
        "t3": [1, 0, 0, 1, 100, -460]
      }
    }
  ]
}
